	closed_full	open_full	closed_rep	open_rep
average_linkage	0.819673121110773	0.821249293572058	0.755763557622643	0.756879023064318
uclust	0.727273467078784	0.640891635849639	0.601312067551771	0.605625769465333
