	closed_full	open_full	closed_rep	open_rep
average_linkage	0.823734299406049	0.821906379862327	0.75428286159897	0.766114682549985
uclust	0.792159153359555	0.699387308360005	0.656099184564519	0.66979272822463
